Jose,Pinto,15/09/1984,josep@gmail.com,9010
Juan,Niño,19/10/1999,juanniñ@gmail.com,3050
Alejandra,Becerra,23/12/2000,alejabec@gmail.com,2010
Nani,Rodriguez,01/07/1985,nanirodri@gmail.com,3913
Diego,Navarrete,31/08/1993,diegonav@gmail.com,2231
Jose,Pinto,15/09/1984,josep@gmail.com,234.3
Juan,Niño,19/10/1999,juanniñ@gmail.com,-1035.2
Alejandra,Becerra,23/12/2000,alejabec@gmail.com,-2304.7
Nani,Rodriguez,01/07/1985,nanirodri@gmail.com,-3574.2
Diego,Navarrete,31/08/1993,diegonav@gmail.com,-4843.7
Jose,Pinto,15/09/1984,josep@gmail.com,-6113.2
Juan,Niño,19/10/1999,juanniñ@gmail.com,-7382.7
Alejandra,Becerra,23/12/2000,alejabec@gmail.com,-8652.2
Nani,Rodriguez,01/07/1985,nanirodri@gmail.com,-9921.7
Diego,Navarrete,31/08/1993,diegonav@gmail.com,-11191.2
Jose,Pinto,15/09/1984,josep@gmail.com,-12460.7
Juan,Niño,19/10/1999,juanniñ@gmail.com,-13730.2
Alejandra,Becerra,23/12/2000,alejabec@gmail.com,-14999.7
Nani,Rodriguez,01/07/1985,nanirodri@gmail.com,-16269.2
Diego,Navarrete,31/08/1993,diegonav@gmail.com,-17538.7
Jose,Pinto,15/09/1984,josep@gmail.com,-18808.2
Juan,Niño,19/10/1999,juanniñ@gmail.com,-20077.7
Alejandra,Becerra,23/12/2000,alejabec@gmail.com,-21347.2
Nani,Rodriguez,01/07/1985,nanirodri@gmail.com,-22616.7
Diego,Navarrete,31/08/1993,diegonav@gmail.com,-23886.2
Jose,Pinto,15/09/1984,josep@gmail.com,-25155.7
Juan,Niño,19/10/1999,juanniñ@gmail.com,-26425.2
Alejandra,Becerra,23/12/2000,alejabec@gmail.com,-27694.7
Nani,Rodriguez,01/07/1985,nanirodri@gmail.com,-28964.2
Diego,Navarrete,31/08/1993,diegonav@gmail.com,-30233.7
Jose,Pinto,15/09/1984,josep@gmail.com,-31503.2
Juan,Niño,19/10/1999,juanniñ@gmail.com,-32772.7
Alejandra,Becerra,23/12/2000,alejabec@gmail.com,-34042.2
Nani,Rodriguez,01/07/1985,nanirodri@gmail.com,-35311.7
Diego,Navarrete,31/08/1993,diegonav@gmail.com,-36581.2
Jose,Pinto,15/09/1984,josep@gmail.com,-37850.7
Juan,Niño,19/10/1999,juanniñ@gmail.com,-39120.2
Alejandra,Becerra,23/12/2000,alejabec@gmail.com,-40389.7
Nani,Rodriguez,01/07/1985,nanirodri@gmail.com,-41659.2
Diego,Navarrete,31/08/1993,diegonav@gmail.com,-42928.7
Jose,Pinto,15/09/1984,josep@gmail.com,-44198.2
Juan,Niño,19/10/1999,juanniñ@gmail.com,-45467.7
Alejandra,Becerra,23/12/2000,alejabec@gmail.com,-46737.2
Nani,Rodriguez,01/07/1985,nanirodri@gmail.com,-48006.7
Diego,Navarrete,31/08/1993,diegonav@gmail.com,-49276.2
Jose,Pinto,15/09/1984,josep@gmail.com,-50545.7
Juan,Niño,19/10/1999,juanniñ@gmail.com,-51815.2
Alejandra,Becerra,23/12/2000,alejabec@gmail.com,-53084.7
Nani,Rodriguez,01/07/1985,nanirodri@gmail.com,-54354.2
Diego,Navarrete,31/08/1993,diegonav@gmail.com,-55623.7
Jose,Pinto,15/09/1984,josep@gmail.com,-56893.2
Juan,Niño,19/10/1999,juanniñ@gmail.com,-58162.7
Alejandra,Becerra,23/12/2000,alejabec@gmail.com,-59432.2
Nani,Rodriguez,01/07/1985,nanirodri@gmail.com,-60701.7
Diego,Navarrete,31/08/1993,diegonav@gmail.com,-61971.2
Jose,Pinto,15/09/1984,josep@gmail.com,-63240.7
Juan,Niño,19/10/1999,juanniñ@gmail.com,-64510.2
Alejandra,Becerra,23/12/2000,alejabec@gmail.com,-65779.7
Nani,Rodriguez,01/07/1985,nanirodri@gmail.com,-67049.2
Diego,Navarrete,31/08/1993,diegonav@gmail.com,-68318.7
Jose,Pinto,15/09/1984,josep@gmail.com,-69588.2
Juan,Niño,19/10/1999,juanniñ@gmail.com,-70857.7
Alejandra,Becerra,23/12/2000,alejabec@gmail.com,-72127.2
Nani,Rodriguez,01/07/1985,nanirodri@gmail.com,-73396.7
Diego,Navarrete,31/08/1993,diegonav@gmail.com,-74666.2
Jose,Pinto,15/09/1984,josep@gmail.com,-75935.7
Juan,Niño,19/10/1999,juanniñ@gmail.com,-77205.2
Alejandra,Becerra,23/12/2000,alejabec@gmail.com,-78474.7
Nani,Rodriguez,01/07/1985,nanirodri@gmail.com,-79744.2
Diego,Navarrete,31/08/1993,diegonav@gmail.com,-81013.7
Jose,Pinto,15/09/1984,josep@gmail.com,-82283.2
Juan,Niño,19/10/1999,juanniñ@gmail.com,-83552.7
Alejandra,Becerra,23/12/2000,alejabec@gmail.com,-84822.2
Nani,Rodriguez,01/07/1985,nanirodri@gmail.com,-86091.7
Diego,Navarrete,31/08/1993,diegonav@gmail.com,-87361.2
Jose,Pinto,15/09/1984,josep@gmail.com,-88630.7
Juan,Niño,19/10/1999,juanniñ@gmail.com,-89900.2
Alejandra,Becerra,23/12/2000,alejabec@gmail.com,-91169.7
Nani,Rodriguez,01/07/1985,nanirodri@gmail.com,-92439.2
Diego,Navarrete,31/08/1993,diegonav@gmail.com,-93708.7
Jose,Pinto,15/09/1984,josep@gmail.com,-94978.2
Juan,Niño,19/10/1999,juanniñ@gmail.com,-96247.7
Alejandra,Becerra,23/12/2000,alejabec@gmail.com,-97517.2
Nani,Rodriguez,01/07/1985,nanirodri@gmail.com,-98786.7
Diego,Navarrete,31/08/1993,diegonav@gmail.com,-100056.2
Jose,Pinto,15/09/1984,josep@gmail.com,-101325.7
Juan,Niño,19/10/1999,juanniñ@gmail.com,-102595.2
Alejandra,Becerra,23/12/2000,alejabec@gmail.com,-103864.7
Nani,Rodriguez,01/07/1985,nanirodri@gmail.com,-105134.2
Diego,Navarrete,31/08/1993,diegonav@gmail.com,-106403.7
Jose,Pinto,15/09/1984,josep@gmail.com,-107673.2
Juan,Niño,19/10/1999,juanniñ@gmail.com,-108942.7
Alejandra,Becerra,23/12/2000,alejabec@gmail.com,-110212.2
Nani,Rodriguez,01/07/1985,nanirodri@gmail.com,-111481.7
Diego,Navarrete,31/08/1993,diegonav@gmail.com,-112751.2
Jose,Pinto,15/09/1984,josep@gmail.com,-114020.7
Juan,Niño,19/10/1999,juanniñ@gmail.com,-115290.2
Alejandra,Becerra,23/12/2000,alejabec@gmail.com,-116559.7
Nani,Rodriguez,01/07/1985,nanirodri@gmail.com,-117829.2
Diego,Navarrete,31/08/1993,diegonav@gmail.com,-119098.7
Jose,Pinto,15/09/1984,josep@gmail.com,-120368.2
Juan,Niño,19/10/1999,juanniñ@gmail.com,-121637.7
Alejandra,Becerra,23/12/2000,alejabec@gmail.com,-122907.2
Nani,Rodriguez,01/07/1985,nanirodri@gmail.com,-124176.7
Diego,Navarrete,31/08/1993,diegonav@gmail.com,-125446.2
Jose,Pinto,15/09/1984,josep@gmail.com,-126715.7
Juan,Niño,19/10/1999,juanniñ@gmail.com,-127985.2
Alejandra,Becerra,23/12/2000,alejabec@gmail.com,-129254.7
Nani,Rodriguez,01/07/1985,nanirodri@gmail.com,-130524.2
Diego,Navarrete,31/08/1993,diegonav@gmail.com,-131793.7
Jose,Pinto,15/09/1984,josep@gmail.com,-133063.2
Juan,Niño,19/10/1999,juanniñ@gmail.com,-134332.7
Alejandra,Becerra,23/12/2000,alejabec@gmail.com,-135602.2
Nani,Rodriguez,01/07/1985,nanirodri@gmail.com,-136871.7
Diego,Navarrete,31/08/1993,diegonav@gmail.com,-138141.2
Jose,Pinto,15/09/1984,josep@gmail.com,-139410.7
Juan,Niño,19/10/1999,juanniñ@gmail.com,-140680.2
Alejandra,Becerra,23/12/2000,alejabec@gmail.com,-141949.7
Nani,Rodriguez,01/07/1985,nanirodri@gmail.com,-143219.2
Diego,Navarrete,31/08/1993,diegonav@gmail.com,-144488.7
Jose,Pinto,15/09/1984,josep@gmail.com,-145758.2
Juan,Niño,19/10/1999,juanniñ@gmail.com,-147027.7
Alejandra,Becerra,23/12/2000,alejabec@gmail.com,-148297.2
Nani,Rodriguez,01/07/1985,nanirodri@gmail.com,-149566.7
Diego,Navarrete,31/08/1993,diegonav@gmail.com,-150836.2
Jose,Pinto,15/09/1984,josep@gmail.com,-152105.7
Juan,Niño,19/10/1999,juanniñ@gmail.com,-153375.2
Alejandra,Becerra,23/12/2000,alejabec@gmail.com,-154644.7
Nani,Rodriguez,01/07/1985,nanirodri@gmail.com,-155914.2
Diego,Navarrete,31/08/1993,diegonav@gmail.com,-157183.7
Jose,Pinto,15/09/1984,josep@gmail.com,-158453.2
Juan,Niño,19/10/1999,juanniñ@gmail.com,-159722.7
Alejandra,Becerra,23/12/2000,alejabec@gmail.com,-160992.2
Nani,Rodriguez,01/07/1985,nanirodri@gmail.com,-162261.7
Diego,Navarrete,31/08/1993,diegonav@gmail.com,-163531.2
Jose,Pinto,15/09/1984,josep@gmail.com,-164800.7
Juan,Niño,19/10/1999,juanniñ@gmail.com,-166070.2
Alejandra,Becerra,23/12/2000,alejabec@gmail.com,-167339.7
Nani,Rodriguez,01/07/1985,nanirodri@gmail.com,-168609.2
Diego,Navarrete,31/08/1993,diegonav@gmail.com,-169878.7
Jose,Pinto,15/09/1984,josep@gmail.com,-171148.2
Juan,Niño,19/10/1999,juanniñ@gmail.com,-172417.7
Alejandra,Becerra,23/12/2000,alejabec@gmail.com,-173687.2
Nani,Rodriguez,01/07/1985,nanirodri@gmail.com,-174956.7
Diego,Navarrete,31/08/1993,diegonav@gmail.com,-176226.2
Jose,Pinto,15/09/1984,josep@gmail.com,-177495.7
Juan,Niño,19/10/1999,juanniñ@gmail.com,-178765.2
Alejandra,Becerra,23/12/2000,alejabec@gmail.com,-180034.7
Nani,Rodriguez,01/07/1985,nanirodri@gmail.com,-181304.2
Diego,Navarrete,31/08/1993,diegonav@gmail.com,-182573.7
Jose,Pinto,15/09/1984,josep@gmail.com,-183843.2
Juan,Niño,19/10/1999,juanniñ@gmail.com,-185112.7
Alejandra,Becerra,23/12/2000,alejabec@gmail.com,-186382.2
Nani,Rodriguez,01/07/1985,nanirodri@gmail.com,-187651.7
Diego,Navarrete,31/08/1993,diegonav@gmail.com,-188921.2
Jose,Pinto,15/09/1984,josep@gmail.com,-190190.7
Juan,Niño,19/10/1999,juanniñ@gmail.com,-191460.2
Alejandra,Becerra,23/12/2000,alejabec@gmail.com,-192729.7
Nani,Rodriguez,01/07/1985,nanirodri@gmail.com,-193999.2
Diego,Navarrete,31/08/1993,diegonav@gmail.com,-195268.7
Jose,Pinto,15/09/1984,josep@gmail.com,-196538.2
Juan,Niño,19/10/1999,juanniñ@gmail.com,-197807.7
Alejandra,Becerra,23/12/2000,alejabec@gmail.com,-199077.2
Nani,Rodriguez,01/07/1985,nanirodri@gmail.com,-200346.7
Diego,Navarrete,31/08/1993,diegonav@gmail.com,-201616.2
Jose,Pinto,15/09/1984,josep@gmail.com,-202885.7
Juan,Niño,19/10/1999,juanniñ@gmail.com,-204155.2
Alejandra,Becerra,23/12/2000,alejabec@gmail.com,-205424.7
Nani,Rodriguez,01/07/1985,nanirodri@gmail.com,-206694.2
Diego,Navarrete,31/08/1993,diegonav@gmail.com,-207963.7
Jose,Pinto,15/09/1984,josep@gmail.com,-209233.2
Juan,Niño,19/10/1999,juanniñ@gmail.com,-210502.7
Alejandra,Becerra,23/12/2000,alejabec@gmail.com,-211772.2
Nani,Rodriguez,01/07/1985,nanirodri@gmail.com,-213041.7
Diego,Navarrete,31/08/1993,diegonav@gmail.com,-214311.2
Jose,Pinto,15/09/1984,josep@gmail.com,-215580.7
Juan,Niño,19/10/1999,juanniñ@gmail.com,-216850.2
Alejandra,Becerra,23/12/2000,alejabec@gmail.com,-218119.7
Nani,Rodriguez,01/07/1985,nanirodri@gmail.com,-219389.2
Diego,Navarrete,31/08/1993,diegonav@gmail.com,-220658.7
Jose,Pinto,15/09/1984,josep@gmail.com,-221928.2
Juan,Niño,19/10/1999,juanniñ@gmail.com,-223197.7
Alejandra,Becerra,23/12/2000,alejabec@gmail.com,-224467.2
Nani,Rodriguez,01/07/1985,nanirodri@gmail.com,-225736.7
Diego,Navarrete,31/08/1993,diegonav@gmail.com,-227006.2
Jose,Pinto,15/09/1984,josep@gmail.com,-228275.7
Juan,Niño,19/10/1999,juanniñ@gmail.com,-229545.2
Alejandra,Becerra,23/12/2000,alejabec@gmail.com,-230814.7
Nani,Rodriguez,01/07/1985,nanirodri@gmail.com,-232084.2
Diego,Navarrete,31/08/1993,diegonav@gmail.com,-233353.7
Jose,Pinto,15/09/1984,josep@gmail.com,-234623.2
Juan,Niño,19/10/1999,juanniñ@gmail.com,-235892.7
Alejandra,Becerra,23/12/2000,alejabec@gmail.com,-237162.2
Nani,Rodriguez,01/07/1985,nanirodri@gmail.com,-238431.7
Diego,Navarrete,31/08/1993,diegonav@gmail.com,-239701.2
Jose,Pinto,15/09/1984,josep@gmail.com,-240970.7
Juan,Niño,19/10/1999,juanniñ@gmail.com,-242240.2
Alejandra,Becerra,23/12/2000,alejabec@gmail.com,-243509.7
Nani,Rodriguez,01/07/1985,nanirodri@gmail.com,-244779.2
Diego,Navarrete,31/08/1993,diegonav@gmail.com,-246048.7
Jose,Pinto,15/09/1984,josep@gmail.com,-247318.2
Juan,Niño,19/10/1999,juanniñ@gmail.com,-248587.7
Alejandra,Becerra,23/12/2000,alejabec@gmail.com,-249857.2
Nani,Rodriguez,01/07/1985,nanirodri@gmail.com,-251126.7
Diego,Navarrete,31/08/1993,diegonav@gmail.com,-252396.2
Jose,Pinto,15/09/1984,josep@gmail.com,-253665.7
Juan,Niño,19/10/1999,juanniñ@gmail.com,-254935.2
Alejandra,Becerra,23/12/2000,alejabec@gmail.com,-256204.7
Nani,Rodriguez,01/07/1985,nanirodri@gmail.com,-257474.2
Diego,Navarrete,31/08/1993,diegonav@gmail.com,-258743.7
Jose,Pinto,15/09/1984,josep@gmail.com,-260013.2
Juan,Niño,19/10/1999,juanniñ@gmail.com,-261282.7
Alejandra,Becerra,23/12/2000,alejabec@gmail.com,-262552.2
Nani,Rodriguez,01/07/1985,nanirodri@gmail.com,-263821.7
Diego,Navarrete,31/08/1993,diegonav@gmail.com,-265091.2
Jose,Pinto,15/09/1984,josep@gmail.com,-266360.7
Juan,Niño,19/10/1999,juanniñ@gmail.com,-267630.2
Alejandra,Becerra,23/12/2000,alejabec@gmail.com,-268899.7
Nani,Rodriguez,01/07/1985,nanirodri@gmail.com,-270169.2
Diego,Navarrete,31/08/1993,diegonav@gmail.com,-271438.7
Jose,Pinto,15/09/1984,josep@gmail.com,-272708.2
Juan,Niño,19/10/1999,juanniñ@gmail.com,-273977.7
Alejandra,Becerra,23/12/2000,alejabec@gmail.com,-275247.2
Nani,Rodriguez,01/07/1985,nanirodri@gmail.com,-276516.7
Diego,Navarrete,31/08/1993,diegonav@gmail.com,-277786.2
Jose,Pinto,15/09/1984,josep@gmail.com,-279055.7
Juan,Niño,19/10/1999,juanniñ@gmail.com,-280325.2
Alejandra,Becerra,23/12/2000,alejabec@gmail.com,-281594.7
Nani,Rodriguez,01/07/1985,nanirodri@gmail.com,-282864.2
Diego,Navarrete,31/08/1993,diegonav@gmail.com,-284133.7
Jose,Pinto,15/09/1984,josep@gmail.com,-285403.2
Juan,Niño,19/10/1999,juanniñ@gmail.com,-286672.7
Alejandra,Becerra,23/12/2000,alejabec@gmail.com,-287942.2
Nani,Rodriguez,01/07/1985,nanirodri@gmail.com,-289211.7
Diego,Navarrete,31/08/1993,diegonav@gmail.com,-290481.2
Jose,Pinto,15/09/1984,josep@gmail.com,-291750.7
Juan,Niño,19/10/1999,juanniñ@gmail.com,-293020.2
Alejandra,Becerra,23/12/2000,alejabec@gmail.com,-294289.7
Nani,Rodriguez,01/07/1985,nanirodri@gmail.com,-295559.2
Diego,Navarrete,31/08/1993,diegonav@gmail.com,-296828.7
Jose,Pinto,15/09/1984,josep@gmail.com,-298098.2
Juan,Niño,19/10/1999,juanniñ@gmail.com,-299367.7
Alejandra,Becerra,23/12/2000,alejabec@gmail.com,-300637.2
Nani,Rodriguez,01/07/1985,nanirodri@gmail.com,-301906.7
Diego,Navarrete,31/08/1993,diegonav@gmail.com,-303176.2
Jose,Pinto,15/09/1984,josep@gmail.com,-304445.7
Juan,Niño,19/10/1999,juanniñ@gmail.com,-305715.2
Alejandra,Becerra,23/12/2000,alejabec@gmail.com,-306984.7
Nani,Rodriguez,01/07/1985,nanirodri@gmail.com,-308254.2
Diego,Navarrete,31/08/1993,diegonav@gmail.com,-309523.7
Jose,Pinto,15/09/1984,josep@gmail.com,-310793.2
Juan,Niño,19/10/1999,juanniñ@gmail.com,-312062.7
Alejandra,Becerra,23/12/2000,alejabec@gmail.com,-313332.2
Nani,Rodriguez,01/07/1985,nanirodri@gmail.com,-314601.7
Diego,Navarrete,31/08/1993,diegonav@gmail.com,-315871.2
Jose,Pinto,15/09/1984,josep@gmail.com,-317140.7
Juan,Niño,19/10/1999,juanniñ@gmail.com,-318410.2
Alejandra,Becerra,23/12/2000,alejabec@gmail.com,-319679.7
Nani,Rodriguez,01/07/1985,nanirodri@gmail.com,-320949.2
Diego,Navarrete,31/08/1993,diegonav@gmail.com,-322218.7
Jose,Pinto,15/09/1984,josep@gmail.com,-323488.2
Juan,Niño,19/10/1999,juanniñ@gmail.com,-324757.7
Alejandra,Becerra,23/12/2000,alejabec@gmail.com,-326027.2
Nani,Rodriguez,01/07/1985,nanirodri@gmail.com,-327296.7
Diego,Navarrete,31/08/1993,diegonav@gmail.com,-328566.2
Jose,Pinto,15/09/1984,josep@gmail.com,-329835.7
Juan,Niño,19/10/1999,juanniñ@gmail.com,-331105.2
Alejandra,Becerra,23/12/2000,alejabec@gmail.com,-332374.7
Nani,Rodriguez,01/07/1985,nanirodri@gmail.com,-333644.2
Diego,Navarrete,31/08/1993,diegonav@gmail.com,-334913.7
Jose,Pinto,15/09/1984,josep@gmail.com,-336183.2
Juan,Niño,19/10/1999,juanniñ@gmail.com,-337452.7
Alejandra,Becerra,23/12/2000,alejabec@gmail.com,-338722.2
Nani,Rodriguez,01/07/1985,nanirodri@gmail.com,-339991.7
Diego,Navarrete,31/08/1993,diegonav@gmail.com,-341261.2
Jose,Pinto,15/09/1984,josep@gmail.com,-342530.7
Juan,Niño,19/10/1999,juanniñ@gmail.com,-343800.2
Alejandra,Becerra,23/12/2000,alejabec@gmail.com,-345069.7
Nani,Rodriguez,01/07/1985,nanirodri@gmail.com,-346339.2
Diego,Navarrete,31/08/1993,diegonav@gmail.com,-347608.7
Jose,Pinto,15/09/1984,josep@gmail.com,-348878.2
Juan,Niño,19/10/1999,juanniñ@gmail.com,-350147.7
Alejandra,Becerra,23/12/2000,alejabec@gmail.com,-351417.2
Nani,Rodriguez,01/07/1985,nanirodri@gmail.com,-352686.7
Diego,Navarrete,31/08/1993,diegonav@gmail.com,-353956.2
Jose,Pinto,15/09/1984,josep@gmail.com,-355225.7
Juan,Niño,19/10/1999,juanniñ@gmail.com,-356495.2
Alejandra,Becerra,23/12/2000,alejabec@gmail.com,-357764.7
Nani,Rodriguez,01/07/1985,nanirodri@gmail.com,-359034.2
Diego,Navarrete,31/08/1993,diegonav@gmail.com,-360303.7
Jose,Pinto,15/09/1984,josep@gmail.com,-361573.2
Juan,Niño,19/10/1999,juanniñ@gmail.com,-362842.7
Alejandra,Becerra,23/12/2000,alejabec@gmail.com,-364112.2
Nani,Rodriguez,01/07/1985,nanirodri@gmail.com,-365381.7
Diego,Navarrete,31/08/1993,diegonav@gmail.com,-366651.2
Jose,Pinto,15/09/1984,josep@gmail.com,-367920.7
Juan,Niño,19/10/1999,juanniñ@gmail.com,-369190.2
Alejandra,Becerra,23/12/2000,alejabec@gmail.com,-370459.7
Nani,Rodriguez,01/07/1985,nanirodri@gmail.com,-371729.2
Diego,Navarrete,31/08/1993,diegonav@gmail.com,-372998.7
Jose,Pinto,15/09/1984,josep@gmail.com,-374268.2
Juan,Niño,19/10/1999,juanniñ@gmail.com,-375537.7
Alejandra,Becerra,23/12/2000,alejabec@gmail.com,-376807.2
Nani,Rodriguez,01/07/1985,nanirodri@gmail.com,-378076.7
Diego,Navarrete,31/08/1993,diegonav@gmail.com,-379346.2
Jose,Pinto,15/09/1984,josep@gmail.com,-380615.7
Juan,Niño,19/10/1999,juanniñ@gmail.com,-381885.2
Alejandra,Becerra,23/12/2000,alejabec@gmail.com,-383154.7
Nani,Rodriguez,01/07/1985,nanirodri@gmail.com,-384424.2
Diego,Navarrete,31/08/1993,diegonav@gmail.com,-385693.7
Jose,Pinto,15/09/1984,josep@gmail.com,-386963.2
Juan,Niño,19/10/1999,juanniñ@gmail.com,-388232.7
Alejandra,Becerra,23/12/2000,alejabec@gmail.com,-389502.2
Nani,Rodriguez,01/07/1985,nanirodri@gmail.com,-390771.7
Diego,Navarrete,31/08/1993,diegonav@gmail.com,-392041.2
Jose,Pinto,15/09/1984,josep@gmail.com,-393310.7
Juan,Niño,19/10/1999,juanniñ@gmail.com,-394580.2
Alejandra,Becerra,23/12/2000,alejabec@gmail.com,-395849.7
Nani,Rodriguez,01/07/1985,nanirodri@gmail.com,-397119.2
Diego,Navarrete,31/08/1993,diegonav@gmail.com,-398388.7
Jose,Pinto,15/09/1984,josep@gmail.com,-399658.2
Juan,Niño,19/10/1999,juanniñ@gmail.com,-400927.7
Alejandra,Becerra,23/12/2000,alejabec@gmail.com,-402197.2
Nani,Rodriguez,01/07/1985,nanirodri@gmail.com,-403466.7
Diego,Navarrete,31/08/1993,diegonav@gmail.com,-404736.2
Jose,Pinto,15/09/1984,josep@gmail.com,-406005.7
Juan,Niño,19/10/1999,juanniñ@gmail.com,-407275.2
Alejandra,Becerra,23/12/2000,alejabec@gmail.com,-408544.7
Nani,Rodriguez,01/07/1985,nanirodri@gmail.com,-409814.2
Diego,Navarrete,31/08/1993,diegonav@gmail.com,-411083.7
Jose,Pinto,15/09/1984,josep@gmail.com,-412353.2
Juan,Niño,19/10/1999,juanniñ@gmail.com,-413622.7
Alejandra,Becerra,23/12/2000,alejabec@gmail.com,-414892.2
Nani,Rodriguez,01/07/1985,nanirodri@gmail.com,-416161.7
Diego,Navarrete,31/08/1993,diegonav@gmail.com,-417431.2
Jose,Pinto,15/09/1984,josep@gmail.com,-418700.7
Juan,Niño,19/10/1999,juanniñ@gmail.com,-419970.2
Alejandra,Becerra,23/12/2000,alejabec@gmail.com,-421239.7
Nani,Rodriguez,01/07/1985,nanirodri@gmail.com,-422509.2
Diego,Navarrete,31/08/1993,diegonav@gmail.com,-423778.7
Jose,Pinto,15/09/1984,josep@gmail.com,-425048.2
Juan,Niño,19/10/1999,juanniñ@gmail.com,-426317.7
Alejandra,Becerra,23/12/2000,alejabec@gmail.com,-427587.2
Nani,Rodriguez,01/07/1985,nanirodri@gmail.com,-428856.7
Diego,Navarrete,31/08/1993,diegonav@gmail.com,-430126.2
Jose,Pinto,15/09/1984,josep@gmail.com,-431395.7
Juan,Niño,19/10/1999,juanniñ@gmail.com,-432665.2
Alejandra,Becerra,23/12/2000,alejabec@gmail.com,-433934.7
Nani,Rodriguez,01/07/1985,nanirodri@gmail.com,-435204.2
Diego,Navarrete,31/08/1993,diegonav@gmail.com,-436473.7
Jose,Pinto,15/09/1984,josep@gmail.com,-437743.2
Juan,Niño,19/10/1999,juanniñ@gmail.com,-439012.7
Alejandra,Becerra,23/12/2000,alejabec@gmail.com,-440282.2
Nani,Rodriguez,01/07/1985,nanirodri@gmail.com,-441551.7
Diego,Navarrete,31/08/1993,diegonav@gmail.com,-442821.2
Jose,Pinto,15/09/1984,josep@gmail.com,-444090.7
Juan,Niño,19/10/1999,juanniñ@gmail.com,-445360.2
Alejandra,Becerra,23/12/2000,alejabec@gmail.com,-446629.7
Nani,Rodriguez,01/07/1985,nanirodri@gmail.com,-447899.2
Diego,Navarrete,31/08/1993,diegonav@gmail.com,-449168.7
Jose,Pinto,15/09/1984,josep@gmail.com,-450438.2
Juan,Niño,19/10/1999,juanniñ@gmail.com,-451707.7
Alejandra,Becerra,23/12/2000,alejabec@gmail.com,-452977.2
Nani,Rodriguez,01/07/1985,nanirodri@gmail.com,-454246.7
Diego,Navarrete,31/08/1993,diegonav@gmail.com,-455516.2
Jose,Pinto,15/09/1984,josep@gmail.com,-456785.7
Juan,Niño,19/10/1999,juanniñ@gmail.com,-458055.2
Alejandra,Becerra,23/12/2000,alejabec@gmail.com,-459324.7
Nani,Rodriguez,01/07/1985,nanirodri@gmail.com,-460594.2
Diego,Navarrete,31/08/1993,diegonav@gmail.com,-461863.7
Jose,Pinto,15/09/1984,josep@gmail.com,-463133.2
Juan,Niño,19/10/1999,juanniñ@gmail.com,-464402.7
Alejandra,Becerra,23/12/2000,alejabec@gmail.com,-465672.2
Nani,Rodriguez,01/07/1985,nanirodri@gmail.com,-466941.7
Diego,Navarrete,31/08/1993,diegonav@gmail.com,-468211.2
Jose,Pinto,15/09/1984,josep@gmail.com,-469480.7
Juan,Niño,19/10/1999,juanniñ@gmail.com,-470750.2
Alejandra,Becerra,23/12/2000,alejabec@gmail.com,-472019.7
Nani,Rodriguez,01/07/1985,nanirodri@gmail.com,-473289.2
Diego,Navarrete,31/08/1993,diegonav@gmail.com,-474558.7
Jose,Pinto,15/09/1984,josep@gmail.com,-475828.2
Juan,Niño,19/10/1999,juanniñ@gmail.com,-477097.7
Alejandra,Becerra,23/12/2000,alejabec@gmail.com,-478367.2
Nani,Rodriguez,01/07/1985,nanirodri@gmail.com,-479636.7
Diego,Navarrete,31/08/1993,diegonav@gmail.com,-480906.2
Jose,Pinto,15/09/1984,josep@gmail.com,-482175.7
Juan,Niño,19/10/1999,juanniñ@gmail.com,-483445.2
Alejandra,Becerra,23/12/2000,alejabec@gmail.com,-484714.7
Nani,Rodriguez,01/07/1985,nanirodri@gmail.com,-485984.2
Diego,Navarrete,31/08/1993,diegonav@gmail.com,-487253.7
Jose,Pinto,15/09/1984,josep@gmail.com,-488523.2
Juan,Niño,19/10/1999,juanniñ@gmail.com,-489792.7
Alejandra,Becerra,23/12/2000,alejabec@gmail.com,-491062.2
Nani,Rodriguez,01/07/1985,nanirodri@gmail.com,-492331.7
Diego,Navarrete,31/08/1993,diegonav@gmail.com,-493601.2
Jose,Pinto,15/09/1984,josep@gmail.com,-494870.7
Juan,Niño,19/10/1999,juanniñ@gmail.com,-496140.2
Alejandra,Becerra,23/12/2000,alejabec@gmail.com,-497409.7
Nani,Rodriguez,01/07/1985,nanirodri@gmail.com,-498679.2
Diego,Navarrete,31/08/1993,diegonav@gmail.com,-499948.7
Jose,Pinto,15/09/1984,josep@gmail.com,-501218.2
Juan,Niño,19/10/1999,juanniñ@gmail.com,-502487.7
Alejandra,Becerra,23/12/2000,alejabec@gmail.com,-503757.2
Nani,Rodriguez,01/07/1985,nanirodri@gmail.com,-505026.7
Diego,Navarrete,31/08/1993,diegonav@gmail.com,-506296.2
Jose,Pinto,15/09/1984,josep@gmail.com,-507565.7
Juan,Niño,19/10/1999,juanniñ@gmail.com,-508835.2
Alejandra,Becerra,23/12/2000,alejabec@gmail.com,-510104.7
Nani,Rodriguez,01/07/1985,nanirodri@gmail.com,-511374.2
Diego,Navarrete,31/08/1993,diegonav@gmail.com,-512643.7
Jose,Pinto,15/09/1984,josep@gmail.com,-513913.2
Juan,Niño,19/10/1999,juanniñ@gmail.com,-515182.7
Alejandra,Becerra,23/12/2000,alejabec@gmail.com,-516452.2
Nani,Rodriguez,01/07/1985,nanirodri@gmail.com,-517721.7
Diego,Navarrete,31/08/1993,diegonav@gmail.com,-518991.2
Jose,Pinto,15/09/1984,josep@gmail.com,-520260.7
Juan,Niño,19/10/1999,juanniñ@gmail.com,-521530.2
Alejandra,Becerra,23/12/2000,alejabec@gmail.com,-522799.7
Nani,Rodriguez,01/07/1985,nanirodri@gmail.com,-524069.2
Diego,Navarrete,31/08/1993,diegonav@gmail.com,-525338.7
Jose,Pinto,15/09/1984,josep@gmail.com,-526608.2
Juan,Niño,19/10/1999,juanniñ@gmail.com,-527877.7
Alejandra,Becerra,23/12/2000,alejabec@gmail.com,-529147.2
Nani,Rodriguez,01/07/1985,nanirodri@gmail.com,-530416.7
Diego,Navarrete,31/08/1993,diegonav@gmail.com,-531686.2
Jose,Pinto,15/09/1984,josep@gmail.com,-532955.7
Juan,Niño,19/10/1999,juanniñ@gmail.com,-534225.2
Alejandra,Becerra,23/12/2000,alejabec@gmail.com,-535494.7
Nani,Rodriguez,01/07/1985,nanirodri@gmail.com,-536764.2
Diego,Navarrete,31/08/1993,diegonav@gmail.com,-538033.7
Jose,Pinto,15/09/1984,josep@gmail.com,-539303.2
Juan,Niño,19/10/1999,juanniñ@gmail.com,-540572.7
Alejandra,Becerra,23/12/2000,alejabec@gmail.com,-541842.2
Nani,Rodriguez,01/07/1985,nanirodri@gmail.com,-543111.7
Diego,Navarrete,31/08/1993,diegonav@gmail.com,-544381.2
Jose,Pinto,15/09/1984,josep@gmail.com,-545650.7
Juan,Niño,19/10/1999,juanniñ@gmail.com,-546920.2
Alejandra,Becerra,23/12/2000,alejabec@gmail.com,-548189.7
Nani,Rodriguez,01/07/1985,nanirodri@gmail.com,-549459.2
Diego,Navarrete,31/08/1993,diegonav@gmail.com,-550728.7
Jose,Pinto,15/09/1984,josep@gmail.com,-551998.2
Juan,Niño,19/10/1999,juanniñ@gmail.com,-553267.7
Alejandra,Becerra,23/12/2000,alejabec@gmail.com,-554537.2
Nani,Rodriguez,01/07/1985,nanirodri@gmail.com,-555806.7
Diego,Navarrete,31/08/1993,diegonav@gmail.com,-557076.2
Jose,Pinto,15/09/1984,josep@gmail.com,-558345.7
Juan,Niño,19/10/1999,juanniñ@gmail.com,-559615.2
Alejandra,Becerra,23/12/2000,alejabec@gmail.com,-560884.7
Nani,Rodriguez,01/07/1985,nanirodri@gmail.com,-562154.2
Diego,Navarrete,31/08/1993,diegonav@gmail.com,-563423.7
Jose,Pinto,15/09/1984,josep@gmail.com,-564693.2
Juan,Niño,19/10/1999,juanniñ@gmail.com,-565962.7
Alejandra,Becerra,23/12/2000,alejabec@gmail.com,-567232.2
Nani,Rodriguez,01/07/1985,nanirodri@gmail.com,-568501.7
Diego,Navarrete,31/08/1993,diegonav@gmail.com,-569771.2
Jose,Pinto,15/09/1984,josep@gmail.com,-571040.7
Juan,Niño,19/10/1999,juanniñ@gmail.com,-572310.2
Alejandra,Becerra,23/12/2000,alejabec@gmail.com,-573579.7
Nani,Rodriguez,01/07/1985,nanirodri@gmail.com,-574849.2
Diego,Navarrete,31/08/1993,diegonav@gmail.com,-576118.7
Jose,Pinto,15/09/1984,josep@gmail.com,-577388.2
Juan,Niño,19/10/1999,juanniñ@gmail.com,-578657.7
Alejandra,Becerra,23/12/2000,alejabec@gmail.com,-579927.2
Nani,Rodriguez,01/07/1985,nanirodri@gmail.com,-581196.7
Diego,Navarrete,31/08/1993,diegonav@gmail.com,-582466.2
Jose,Pinto,15/09/1984,josep@gmail.com,-583735.7
Juan,Niño,19/10/1999,juanniñ@gmail.com,-585005.2
Alejandra,Becerra,23/12/2000,alejabec@gmail.com,-586274.7
Nani,Rodriguez,01/07/1985,nanirodri@gmail.com,-587544.2
Diego,Navarrete,31/08/1993,diegonav@gmail.com,-588813.7
Jose,Pinto,15/09/1984,josep@gmail.com,-590083.2
Juan,Niño,19/10/1999,juanniñ@gmail.com,-591352.7
Alejandra,Becerra,23/12/2000,alejabec@gmail.com,-592622.2
Nani,Rodriguez,01/07/1985,nanirodri@gmail.com,-593891.7
Diego,Navarrete,31/08/1993,diegonav@gmail.com,-595161.2
